socks5://24.249.199.12:4145,ZZ,Unknown
socks5://192.111.137.34:18765,ZZ,Unknown
socks5://192.111.129.145:16894,ZZ,Unknown
socks5://192.252.214.20:15864,ZZ,Unknown
socks5://72.195.34.35:27360,ZZ,Unknown
socks5://174.77.111.198:49547,ZZ,Unknown
socks5://184.178.172.28:15294,ZZ,Unknown
socks5://184.178.172.5:15303,ZZ,Unknown
socks5://184.178.172.23:4145,ZZ,Unknown
socks5://68.1.210.163:4145,ZZ,Unknown
socks5://70.166.167.38:57728,ZZ,Unknown
socks5://192.252.215.5:16137,ZZ,Unknown
socks5://199.116.112.6:4145,US,Unknown
socks5://68.71.249.153:48606,ZZ,Unknown
socks5://68.71.249.158:4145,US,Unknown
socks5://107.181.168.145:4145,ZZ,Unknown
socks5://37.157.217.144:10810,AM,Unknown
socks5://93.187.188.30:1080,RU,Unknown
socks5://195.91.129.101:1337,RU,Unknown
socks5://198.177.252.24:4145,US,Unknown
socks5://198.177.254.131:4145,US,Unknown
socks5://103.239.200.226:11,PH,Unknown
socks5://138.199.25.13:3904,SG,Unknown
socks5://138.199.25.13:3907,SG,Unknown
socks5://121.169.46.116:1090,KR,Osan
socks5://103.180.123.111:1080,ID,Unknown
socks5://103.191.218.119:8199,ID,Unknown
socks5://152.53.171.242:21143,US,Unknown
socks5://47.243.94.125:1080,HK,Hong Kong
socks5://45.61.188.134:44499,US,Unknown
socks5://82.223.165.28:62284,ES,Unknown
socks5://203.25.208.163:1111,CN,Unknown
socks5://174.138.61.184:1080,US,Clifton
socks5://203.189.137.214:1080,KH,Unknown
socks5://203.189.151.19:1080,KH,Unknown
socks5://103.30.29.49:1080,BD,Unknown
socks5://193.233.254.9:1080,DE,Unknown
socks5://193.233.254.7:1080,DE,Unknown
socks5://110.235.240.104:1080,KH,Unknown
socks5://124.248.184.247:1080,KH,Phnom Penh
socks5://124.248.190.48:1080,KH,Unknown
socks5://124.248.191.83:1080,KH,Unknown
socks5://202.62.52.58:1080,KH,Unknown
socks5://202.62.52.20:1080,KH,Unknown
socks5://202.62.42.92:1080,KH,Unknown
socks5://124.248.168.90:1080,KH,Unknown
socks5://124.248.164.156:1080,KH,Unknown
socks5://124.248.189.223:1080,KH,Phnom Penh
socks5://110.235.255.252:1080,KH,Unknown
socks5://194.163.167.32:1080,FR,Lauterbourg
socks5://46.0.205.4:1080,RU,Unknown
socks5://202.142.178.206:1080,PK,Unknown
socks5://5.255.117.127:1080,NL,Dronten
socks5://5.255.113.177:1080,NL,Dronten
socks5://109.120.135.230:2030,SE,Unknown
socks5://5.255.117.250:1080,NL,Dronten
socks5://62.60.131.179:4100,LT,Unknown
socks5://64.188.124.97:1080,DE,Frankfurt am Main
socks5://36.255.98.177:5498,FR,Unknown
socks5://195.35.113.29:1080,NL,Amsterdam
socks5://104.219.236.127:1080,US,
socks5://185.194.217.97:1080,FR,Lauterbourg
socks5://62.60.131.194:4126,FI,Unknown
socks5://36.255.98.180:20743,BR,Unknown
socks5://62.60.131.185:4917,CH,Unknown
socks5://62.60.131.203:4144,CH,Unknown
socks5://152.53.171.242:19369,ES,Unknown
socks5://36.255.98.152:4274,CH,Unknown
socks5://36.255.98.162:4361,US,Unknown
socks5://36.255.98.164:4209,US,Unknown
socks5://180.103.250.177:1080,CN,Unknown
socks5://213.35.110.67:10808,SG,Unknown
socks5://152.53.171.242:22991,GB,Unknown
socks5://152.53.171.242:59001,FR,Unknown
socks5://152.53.171.242:19404,FR,Unknown
socks5://36.255.98.164:4163,ZZ,Unknown
socks5://213.35.110.67:10819,SG,Unknown
socks5://213.35.110.67:10850,SG,Unknown
socks5://146.235.19.84:10850,SG,Unknown
socks5://213.35.110.67:10872,SG,Unknown
socks5://146.235.19.84:10809,SG,Unknown
socks5://213.35.110.67:10810,SG,Unknown
socks5://213.35.110.67:10809,SG,Unknown
socks5://36.255.98.180:8282,FR,Unknown
socks5://146.235.19.84:10810,SG,Unknown
socks5://62.60.131.179:4145,CH,Unknown
socks5://146.235.19.84:10819,SG,Unknown
socks5://146.235.19.84:10808,SG,Unknown
socks5://62.60.131.186:4023,FR,Unknown
socks5://36.255.98.182:8085,CA,Unknown
socks5://36.255.98.180:4035,TZ,Unknown
socks5://36.255.98.160:4137,CL,Unknown
socks5://62.60.131.186:4126,IN,Unknown
socks5://62.60.131.181:8090,FR,Unknown
socks5://36.255.98.177:5337,CH,Unknown
socks5://36.255.98.160:4150,LT,Unknown
socks5://36.255.98.165:7530,IN,Unknown
socks5://62.60.131.194:8085,SG,Unknown
socks5://152.53.171.242:44109,GB,Unknown
socks5://36.255.98.182:4115,CH,Unknown
socks5://62.60.131.194:4480,ZZ,Unknown
socks5://36.255.98.164:6655,SG,Unknown
socks5://36.255.98.164:4228,ZZ,Unknown
socks5://77.246.108.10:21238,ZZ,Unknown
socks5://95.163.153.116:20184,AT,Unknown
socks5://89.19.209.217:31285,DE,Unknown
socks5://109.107.181.151:51553,DE,Unknown
socks5://45.144.232.249:53830,ZZ,Unknown
socks5://194.246.82.89:13447,ZZ,Unknown
socks5://36.255.98.153:4703,CL,Unknown
socks5://36.255.98.163:4065,FR,Unknown
socks5://36.255.98.179:4504,FR,Unknown
socks5://36.255.98.175:4149,DE,Unknown
socks5://36.255.98.177:10695,SG,Unknown
socks5://36.255.98.184:4433,CA,Unknown
socks5://62.60.131.188:5050,CH,Unknown
socks5://36.255.98.177:11657,BR,Unknown
socks5://36.255.98.178:4163,US,Unknown
socks5://62.60.131.194:4242,CH,Unknown
socks5://62.60.131.193:6379,US,Unknown
socks5://36.255.98.161:8000,FR,Unknown
socks5://36.255.98.160:11250,FR,Unknown
socks5://36.255.98.178:12462,BR,Unknown
socks5://36.255.98.180:8092,BR,Unknown
socks5://36.255.98.178:8865,SG,Unknown
socks5://36.255.98.165:4115,BD,Unknown
socks5://36.255.98.161:4304,US,Unknown
socks5://62.60.131.193:4006,CH,Unknown
socks5://36.255.98.177:6649,BR,Unknown
socks5://36.255.98.184:4468,FR,Unknown
socks5://36.255.98.161:4999,FR,Unknown
socks5://36.255.98.160:6100,FR,Unknown
socks5://62.60.131.194:4304,ZZ,Unknown
socks5://36.255.98.177:11722,BR,Unknown
socks5://36.255.98.161:5612,FR,Unknown
socks5://36.255.98.177:5101,FR,Unknown
socks5://62.60.131.204:9721,BR,Unknown
socks5://36.255.98.178:4054,TZ,Unknown
socks5://36.255.98.180:4480,FR,Unknown
socks5://36.255.98.181:5042,ZZ,Unknown
socks5://36.255.98.163:9721,FR,Unknown
socks5://36.255.98.177:5043,FR,Unknown
socks5://36.255.98.180:8086,US,Unknown
socks5://36.255.98.180:4334,ZZ,Unknown
socks5://36.255.98.184:7813,DE,Unknown
socks5://36.255.98.181:4020,ZZ,Unknown
socks5://62.60.131.203:4147,US,Unknown
socks5://36.255.98.160:4054,ZZ,Unknown
socks5://36.255.98.176:5228,US,Unknown
socks5://62.60.131.194:5031,LT,Unknown
socks5://36.255.98.175:5143,FR,Unknown
socks5://36.255.98.163:4016,LT,Unknown
socks5://36.255.98.177:9013,IN,Unknown
socks5://62.60.131.182:5960,US,Unknown
socks5://62.60.131.194:7070,IN,Unknown
socks5://36.255.98.178:11583,BR,Unknown
socks5://62.60.131.204:4090,US,Unknown
socks5://36.255.98.176:4580,DE,Unknown
socks5://62.60.131.203:4713,CH,Unknown
socks5://36.255.98.151:9636,BR,Unknown
socks5://62.60.131.182:4117,FR,Unknown
socks5://36.255.98.176:5185,CA,Unknown
socks5://36.255.98.160:5865,US,Unknown
socks5://36.255.98.169:8853,BR,Unknown
socks5://62.60.131.182:4726,FR,Unknown
socks5://62.60.131.203:4157,ZZ,Unknown
socks5://36.255.98.181:10084,BR,Unknown
socks5://36.255.98.165:9390,IN,Unknown
socks5://62.60.131.191:8402,BR,Unknown
socks5://62.60.131.193:4149,HK,Unknown
socks5://62.60.131.182:5118,US,Unknown
socks5://62.60.131.193:4985,ID,Unknown
socks5://36.255.98.163:4550,SG,Unknown
socks5://36.255.98.161:4016,CH,Unknown
socks5://62.60.131.188:4150,LT,Unknown
socks5://62.60.131.183:8765,IN,Unknown
socks5://36.255.98.160:11365,FR,Unknown
socks5://36.255.98.160:4031,FR,Unknown
socks5://36.255.98.181:8743,US,Unknown
socks5://36.255.98.181:9435,FR,Unknown
socks5://36.255.98.153:10816,FR,Unknown
socks5://62.60.131.197:10109,BR,Unknown
socks5://36.255.98.167:12286,FR,Unknown
socks5://62.60.131.191:5131,ZZ,Unknown
socks5://62.60.131.183:6338,CH,Unknown
socks5://36.255.98.161:5101,DE,Unknown
socks5://36.255.98.184:4999,CH,Unknown
socks5://62.60.131.194:4249,ZZ,Unknown
socks5://36.255.98.160:4030,LT,Unknown
socks5://62.60.131.180:5498,DE,Unknown
socks5://36.255.98.161:6667,IN,Unknown
socks5://36.255.98.178:5528,IN,Unknown
socks5://62.60.131.188:5038,CH,Unknown
socks5://36.255.98.181:4180,ZZ,Unknown
socks5://36.255.98.181:6268,FR,Unknown
socks5://62.60.131.203:4298,LT,Unknown
socks5://36.255.98.178:4185,IN,Unknown
socks5://62.60.131.193:9285,FR,Unknown
socks5://36.255.98.161:4546,CH,Unknown
socks5://62.60.131.188:8188,IN,Unknown
socks5://36.255.98.161:4026,ZZ,Unknown
socks5://62.60.131.194:5133,ZZ,Unknown
socks5://62.60.131.183:5782,FR,Unknown
socks5://36.255.98.168:14003,FR,Unknown
socks5://36.255.98.177:13447,FR,Unknown
socks5://36.255.98.181:8801,FR,Unknown
socks5://36.255.98.181:4176,LT,Unknown
socks5://62.60.131.193:4144,VN,Unknown
socks5://62.60.131.180:9956,US,Unknown
socks5://62.60.131.180:14483,BR,Unknown
socks5://62.60.131.182:5163,US,Unknown
socks5://36.255.98.168:10057,VN,Unknown
socks5://62.60.131.188:5132,DE,Unknown
socks5://62.60.131.183:4495,LT,Unknown
socks5://62.60.131.185:5960,US,Unknown
socks5://62.60.131.194:10528,BR,Unknown
socks5://36.255.98.151:4002,VN,Unknown
socks5://62.60.131.203:4218,CH,Unknown
socks5://62.60.131.203:5627,FR,Unknown
socks5://36.255.98.161:8291,LT,Unknown
socks5://62.60.131.188:7438,FR,Unknown
socks5://62.60.131.183:5811,FR,Unknown
socks5://62.60.131.180:9098,FR,Unknown
socks5://62.60.131.179:5118,FR,Unknown
socks5://62.60.131.188:13544,US,Unknown
socks5://152.53.171.242:11986,US,Unknown
socks5://62.60.131.194:4180,HK,Unknown
socks5://36.255.98.175:6201,FR,Unknown
socks5://36.255.98.161:4246,CL,Unknown
socks5://62.60.131.185:5473,SG,Unknown
socks5://62.60.131.195:4229,ZZ,Unknown
socks5://62.60.131.191:4546,LT,Unknown
socks5://36.255.98.167:5123,CA,Unknown
socks5://62.60.131.179:10055,SG,Unknown
socks5://36.255.98.160:17076,FR,Unknown
socks5://62.60.131.179:4091,ZZ,Unknown
socks5://36.255.98.169:4241,FR,Unknown
socks5://36.255.98.163:4540,FR,Unknown
socks5://62.60.131.203:4360,FR,Unknown
socks5://36.255.98.169:4983,US,Unknown
socks5://36.255.98.175:6770,BR,Unknown
socks5://62.60.131.178:8179,IN,Unknown
socks5://62.60.131.191:5864,VN,Unknown
socks5://36.255.98.160:7129,US,Unknown
socks5://62.60.131.186:4305,US,Unknown
socks5://36.255.98.168:7978,FR,Unknown
socks5://62.60.131.185:4439,BR,Unknown
socks5://62.60.131.191:10381,BR,Unknown
socks5://36.255.98.153:4060,SG,Unknown
socks5://36.255.98.161:4045,FR,Unknown
socks5://36.255.98.184:4005,JP,Unknown
socks5://36.255.98.176:4240,FR,Unknown
socks5://62.60.131.180:10415,BR,Unknown
socks5://62.60.131.203:5621,CA,Unknown
socks5://62.60.131.179:4071,ZZ,Unknown
socks5://36.255.98.176:13933,FR,Unknown
socks5://62.60.131.179:5384,LT,Unknown
socks5://36.255.98.161:4226,CL,Unknown
socks5://62.60.131.179:6392,FR,Unknown
socks5://62.60.131.191:8303,BR,Unknown
socks5://36.255.98.180:4240,FR,Unknown
socks5://36.255.98.180:9118,US,Unknown
socks5://62.60.131.203:4888,BR,Unknown
socks5://36.255.98.168:6448,IT,Unknown
socks5://36.255.98.180:13787,BR,Unknown
socks5://62.60.131.179:5568,FR,Unknown
socks5://36.255.98.176:4121,ZZ,Unknown
socks5://62.60.131.188:4847,ZZ,Unknown
socks5://62.60.131.179:9023,HK,Unknown
socks5://62.60.131.185:5142,VN,Unknown
socks5://36.255.98.176:4076,FR,Unknown
socks5://62.60.131.182:5466,FR,Unknown
socks5://62.60.131.179:4431,DE,Unknown
socks5://36.255.98.161:4036,HK,Unknown
socks5://62.60.131.191:5163,CH,Unknown
socks5://62.60.131.188:5644,SG,Unknown
socks5://36.255.98.152:4016,US,Unknown
socks5://36.255.98.175:6170,FR,Unknown
socks5://36.255.98.175:6528,BR,Unknown
socks5://36.255.98.176:5029,DE,Unknown
socks5://36.255.98.167:4791,CH,Unknown
socks5://62.60.131.191:8889,US,Unknown
socks5://62.60.131.178:4369,HK,Unknown
socks5://62.60.131.178:5204,FR,Unknown
socks5://36.255.98.178:7087,SG,Unknown
socks5://36.255.98.153:7335,FR,Unknown
socks5://62.60.131.203:4082,FR,Unknown
socks5://62.60.131.179:4246,ZZ,Unknown
socks5://62.60.131.178:4218,CH,Unknown
socks5://36.255.98.178:4031,FI,Unknown
socks5://36.255.98.176:4249,KR,Unknown
socks5://62.60.131.178:11680,VN,Unknown
socks5://36.255.98.177:4551,CH,Unknown
socks5://62.60.131.179:4251,FR,Unknown
socks5://62.60.131.188:5621,US,Unknown
socks5://36.255.98.160:5890,BR,Unknown
socks5://36.255.98.177:4502,FR,Unknown
socks5://62.60.131.179:4119,IN,Unknown
socks5://62.60.131.194:6083,VN,Unknown
socks5://36.255.98.169:4656,LT,Unknown
socks5://36.255.98.177:5515,ZA,Unknown
socks5://36.255.98.181:5037,LT,Unknown
socks5://62.60.131.178:9050,AR,Unknown
socks5://62.60.131.182:4433,CL,Unknown
socks5://62.60.131.178:6100,IN,Unknown
socks5://36.255.98.154:4115,DE,Unknown
socks5://62.60.131.194:4169,ID,Unknown
socks5://62.60.131.204:18584,US,Unknown
socks5://36.255.98.154:4064,FR,Unknown
socks5://36.255.98.176:4415,CA,Unknown
socks5://36.255.98.167:4656,FR,Unknown
socks5://36.255.98.160:4104,CL,Unknown
socks5://62.60.131.178:13832,FR,Unknown
socks5://62.60.131.178:5342,CH,Unknown
socks5://36.255.98.161:8698,US,Unknown
socks5://36.255.98.176:4642,BR,Unknown
socks5://62.60.131.188:4082,FR,Unknown
socks5://62.60.131.185:4844,HK,Unknown
socks5://62.60.131.194:4294,SG,Unknown
socks5://36.255.98.160:10213,FR,Unknown
socks5://103.82.23.118:6210,VN,Unknown
socks5://146.235.19.84:10907,SG,Unknown
socks5://62.60.131.191:6047,BD,Unknown
socks5://36.255.98.167:8821,BR,Unknown
socks5://62.60.131.185:5240,US,Unknown
socks5://36.255.98.151:5081,FR,Unknown
socks5://62.60.131.183:4348,LT,Unknown
socks5://62.60.131.203:4141,ZZ,Unknown
socks5://62.60.131.178:4004,FR,Unknown
socks5://36.255.98.176:4359,LT,Unknown
socks5://36.255.98.164:6859,US,Unknown
socks5://36.255.98.151:6086,LT,Unknown
socks5://146.235.19.84:10800,SG,Unknown
socks5://62.60.131.194:7882,US,Unknown
socks5://62.60.131.185:4083,FR,Unknown
socks5://62.60.131.205:20641,SG,Unknown
socks5://62.60.131.185:24613,FR,Unknown
socks5://62.60.131.185:4766,LT,Unknown
socks5://36.255.98.167:5833,FR,Unknown
socks5://36.255.98.154:4002,VN,Unknown
socks5://36.255.98.154:8180,FR,Unknown
socks5://62.60.131.179:19296,BR,Unknown
socks5://36.255.98.176:4246,US,Unknown
socks5://62.60.131.203:4278,FR,Unknown
socks5://59.46.216.131:30001,CN,Unknown
socks5://36.255.98.154:4545,FR,Unknown
socks5://36.255.98.176:5165,CH,Unknown
socks5://36.255.98.168:4141,LT,Unknown
socks5://36.255.98.184:6528,ZZ,Unknown
socks5://62.60.131.203:4010,US,Unknown
socks5://36.255.98.154:4311,ZZ,Unknown
socks5://62.60.131.194:5358,FR,Unknown
socks5://62.60.131.191:4924,CH,Unknown
socks5://36.255.98.167:4362,ZA,Unknown
socks5://36.255.98.164:4309,FR,Unknown
socks5://36.255.98.163:16461,FR,Unknown
socks5://62.60.131.179:7296,IN,Unknown
socks5://36.255.98.180:4329,FI,Unknown
socks5://36.255.98.167:19201,BR,Unknown
socks5://36.255.98.154:23213,FR,Unknown
socks5://62.60.131.185:4495,US,Unknown
socks5://62.60.131.181:5118,DE,Unknown
socks5://62.60.131.183:5145,FR,Unknown
socks5://43.157.34.94:1777,DE,Unknown
socks5://43.133.32.76:1777,SG,Unknown
socks5://43.131.9.114:1777,DE,Unknown
socks5://36.255.98.153:4262,LT,Unknown
socks5://213.35.110.67:10800,SG,Unknown
socks5://89.46.249.253:8080,GB,Unknown
socks5://213.35.110.67:10907,SG,Unknown
socks5://62.60.131.183:16409,FR,Unknown
socks5://36.255.98.163:20183,US,Unknown
socks5://213.35.110.67:10801,SG,Unknown
socks5://36.255.98.175:4213,DE,Unknown
socks5://62.60.131.196:4145,FI,Unknown
socks5://62.60.131.193:4224,ZZ,Unknown
socks5://36.255.98.164:4070,FR,Unknown
socks5://36.255.98.177:4205,FI,Unknown
socks5://62.60.131.193:4212,IN,Unknown
socks5://62.60.131.188:4324,DE,Unknown
socks5://62.60.131.192:5311,CH,Unknown
socks5://62.60.131.194:4092,DE,Unknown
socks5://36.255.98.164:8087,BR,Unknown
socks5://62.60.131.188:4036,FR,Unknown
socks5://146.235.19.84:10888,SG,Unknown
socks5://62.60.131.185:4427,ZZ,Unknown
socks5://36.255.98.161:4700,SG,Unknown
socks5://146.235.19.84:10814,SG,Unknown
socks5://62.60.131.188:4002,IN,Unknown
socks5://36.255.98.177:4076,VN,Unknown
socks5://36.255.98.176:4017,LT,Unknown
socks5://36.255.98.181:4017,JP,Unknown
socks5://36.255.98.169:4153,US,Unknown
socks5://146.235.19.84:10846,SG,Unknown
socks5://36.255.98.151:5348,US,Unknown
socks5://62.60.131.186:4238,FR,Unknown
socks5://146.235.19.84:10801,SG,Unknown
socks5://213.35.110.67:10888,SG,Unknown
socks5://62.60.131.179:4132,LT,Unknown
socks5://36.255.98.184:4129,HK,Unknown
socks5://62.60.131.193:4380,ZZ,Unknown
socks5://62.60.131.192:4689,FR,Unknown
socks5://36.255.98.180:4260,IN,Unknown
socks5://62.60.131.189:4077,DE,Unknown
socks5://62.60.131.188:4092,FR,Unknown
socks5://36.255.98.167:4260,LT,Unknown
socks5://36.255.98.178:4494,SG,Unknown
socks5://36.255.98.179:4076,FR,Unknown
socks5://213.35.110.67:10846,SG,Unknown
socks5://146.235.19.84:10864,SG,Unknown
socks5://213.35.110.67:10919,SG,Unknown
socks5://62.60.131.194:4031,CH,Unknown
socks5://146.235.19.84:10919,SG,Unknown
socks5://36.255.98.163:4064,CH,Unknown
socks5://36.255.98.162:4153,VN,Unknown
socks5://62.60.131.193:5707,VN,Unknown
socks5://213.35.110.67:10864,SG,Unknown
socks5://62.60.131.203:5602,FR,Unknown
socks5://62.60.131.182:4097,ZZ,Unknown
socks5://62.60.131.197:4258,ZZ,Unknown
socks5://146.235.19.84:10811,SG,Unknown
socks5://36.255.98.169:4347,JP,Unknown
socks5://36.255.98.179:4906,ZZ,Unknown
socks5://62.60.131.182:4551,ZZ,Unknown
socks5://62.60.131.186:4938,ZZ,Unknown
socks5://36.255.98.183:4010,JP,Unknown
socks5://62.60.131.190:4039,VN,Unknown
socks5://62.60.131.181:4246,ZZ,Unknown
socks5://62.60.131.180:23882,DE,Unknown
socks5://213.35.110.67:10880,SG,Unknown
socks5://36.255.98.153:13473,US,Unknown
socks5://62.60.131.184:4180,IN,Unknown
socks5://62.60.131.253:16924,US,Unknown
socks5://154.197.69.137:1081,TH,Unknown
socks5://62.60.131.179:4849,DE,Unknown
socks5://36.255.98.175:4216,FR,Unknown
socks5://146.235.19.84:10880,SG,Unknown
socks5://62.60.131.203:4199,FI,Unknown
socks5://36.255.98.166:4144,VN,Unknown
socks5://213.35.110.67:10811,SG,Unknown
socks5://36.255.98.164:5758,CH,Unknown
socks5://62.60.131.181:4054,FR,Unknown
socks5://36.255.98.163:4266,IL,Unknown
socks5://36.255.98.181:5280,ZZ,Unknown
socks5://62.60.131.197:4008,CH,Unknown
socks5://62.60.131.183:4214,CH,Unknown
socks5://62.60.131.189:4504,US,Unknown
socks5://85.209.129.228:55555,FI,Unknown
socks5://146.235.19.84:10852,SG,Unknown
socks5://36.255.98.150:5745,CA,Unknown
socks5://36.255.98.161:4209,FR,Unknown
socks5://36.255.98.184:4363,FR,Unknown
socks5://8.210.117.246:1145,HK,Unknown
socks5://111.48.191.24:7890,CN,Unknown
socks5://213.35.110.67:10852,SG,Unknown
socks5://36.255.98.181:5060,ZZ,Unknown
socks5://62.60.131.197:8080,SG,Unknown
socks5://62.60.131.253:4251,DE,Unknown
socks5://152.53.171.242:23725,GB,Unknown
socks5://36.255.98.175:4375,FR,Unknown
socks5://36.255.98.165:5483,CA,Unknown
socks5://152.53.171.242:20467,US,Unknown
socks5://152.53.171.242:12668,US,Unknown
socks5://152.53.171.242:57715,US,Unknown
socks5://36.255.98.151:8305,FR,Unknown
socks5://36.255.98.180:4852,CH,Unknown
socks5://62.60.131.195:4215,FR,Unknown
socks5://152.53.171.242:14227,FR,Unknown
socks5://47.243.75.202:58854,HK,Unknown
socks5://152.53.171.242:14675,AU,Unknown
socks5://152.53.171.242:10865,US,Unknown
socks5://152.53.171.242:46097,AU,Unknown
socks5://152.53.171.242:27337,GB,Unknown
socks5://152.53.171.242:27962,FR,Unknown
socks5://152.53.171.242:14139,DE,Unknown
socks5://152.53.171.242:55943,US,Unknown
socks5://152.53.171.242:11184,US,Unknown
socks5://152.53.171.242:11748,US,Unknown
socks5://152.53.171.242:15705,CA,Unknown
socks5://152.53.171.242:13316,US,Unknown
socks5://152.53.171.242:45925,AU,Unknown
socks5://152.53.171.242:24123,AU,Unknown
socks5://152.53.171.242:29715,US,Unknown
socks5://152.53.171.242:11080,US,Unknown
socks5://36.255.98.182:4555,US,Unknown
socks5://62.60.131.178:5816,SG,Unknown
socks5://62.60.131.193:4655,US,Unknown
socks5://36.255.98.177:4108,CH,Unknown
socks5://62.60.131.180:4530,CH,Unknown
socks5://36.255.98.175:4071,FR,Unknown
socks5://36.255.98.154:4494,FR,Unknown
socks5://62.60.131.178:4266,VN,Unknown
socks5://188.113.174.219:1080,RU,Unknown
socks5://36.255.98.182:29831,SG,Unknown
socks5://89.46.249.254:8013,GB,Unknown
socks5://152.53.171.242:44923,GB,Unknown
socks5://152.53.171.242:32255,DE,Unknown
socks5://36.255.98.175:10810,FR,Unknown
socks5://36.255.98.177:4669,US,Unknown
socks5://62.60.131.193:4494,LT,Unknown
socks5://36.255.98.154:9050,CH,Unknown
socks5://152.53.171.242:25283,US,Unknown
socks5://36.255.98.160:4543,LT,Unknown
socks5://152.53.171.242:10864,GB,Unknown
socks5://62.60.131.197:4266,DE,Unknown
socks5://62.60.131.180:4076,BD,Unknown
socks5://36.255.98.163:4254,CH,Unknown
socks5://152.53.171.242:58503,ES,Unknown
socks5://36.255.98.168:4615,CH,Unknown
socks5://62.60.131.188:4947,DE,Unknown
socks5://62.60.131.204:4552,DE,Unknown
socks5://62.60.131.195:4525,FR,Unknown
socks5://146.235.19.84:10921,SG,Unknown
socks5://36.255.98.165:4415,FR,Unknown
socks5://152.53.171.242:20364,US,Unknown
socks5://36.255.98.178:4017,LT,Unknown
socks5://23.175.201.46:1234,HK,Unknown
socks5://62.60.131.178:5083,VN,Unknown
socks5://152.53.171.242:11666,CA,Unknown
socks5://152.53.171.242:10921,FR,Unknown
socks5://152.53.171.242:14579,US,Unknown
socks5://62.60.131.194:4555,BD,Unknown
socks5://62.60.131.194:4072,LT,Unknown
socks5://36.255.98.167:4077,CH,Unknown
socks5://62.60.131.181:10489,AR,Unknown
socks5://141.11.42.163:1080,TW,Unknown
socks5://152.53.171.242:22895,GB,Unknown
socks5://89.46.249.243:8095,GB,Unknown
socks5://89.46.249.192:8091,GB,Unknown
socks5://62.60.131.185:4986,CH,Unknown
socks5://62.60.131.205:7010,BD,Unknown
socks5://62.60.131.203:4274,US,Unknown
socks5://62.60.131.188:4462,DE,Unknown
socks5://62.60.131.203:4710,ZZ,Unknown
socks5://36.255.98.167:4246,CH,Unknown
socks5://62.60.131.182:4710,FR,Unknown
socks5://62.60.131.178:5780,CH,Unknown
socks5://36.255.98.165:4147,DE,Unknown
socks5://36.255.98.178:4201,FI,Unknown
socks5://62.60.131.184:5101,US,Unknown
socks5://62.60.131.178:6058,CH,Unknown
socks5://62.60.131.253:5102,BD,Unknown
socks5://36.255.98.160:4108,FI,Unknown
socks5://62.60.131.204:6032,SG,Unknown
socks5://152.53.171.242:24757,US,Unknown
socks5://62.60.131.188:4468,IL,Unknown
socks5://152.53.171.242:10154,FR,Unknown
socks5://36.255.98.180:4494,FR,Unknown
socks5://152.53.171.242:45251,US,Unknown
socks5://152.53.171.242:16645,US,Unknown
socks5://152.53.171.242:45219,US,Unknown
socks5://152.53.171.242:26349,US,Unknown
socks5://89.46.249.254:8091,GB,Unknown
socks5://152.53.171.242:50403,CA,Unknown
socks5://152.53.171.242:19313,US,Unknown
socks5://36.255.98.176:5359,IN,Unknown
socks5://36.255.98.177:9050,IN,Unknown
socks5://36.255.98.184:4455,LT,Unknown
socks5://213.35.110.67:10921,SG,Unknown
socks5://36.255.98.181:5063,FR,Unknown
socks5://36.255.98.164:8443,CL,Unknown
socks5://152.53.171.242:32515,AU,Unknown
socks5://36.255.98.163:4316,FR,Unknown
socks5://36.255.98.162:6371,IT,Unknown
socks5://36.255.98.160:4446,US,Unknown
socks5://36.255.98.182:16376,BR,Unknown
socks5://89.46.249.190:8070,GB,Unknown
socks5://152.53.171.242:51727,US,Unknown
socks5://152.53.171.242:15153,CA,Unknown
socks5://152.53.171.242:25214,FR,Unknown
socks5://62.60.131.190:14612,CL,Unknown
socks5://152.53.171.242:11706,US,Unknown
socks5://152.53.171.242:54029,GB,Unknown
socks5://62.60.131.203:6000,BR,Unknown
socks5://62.60.131.195:4225,GB,Unknown
socks5://36.255.98.169:5146,SG,Unknown
socks5://36.255.98.163:4172,CH,Unknown
socks5://152.53.171.242:59885,AU,Unknown
socks5://89.46.249.217:8095,GB,Unknown
socks5://62.60.131.188:4843,CA,Unknown
socks5://36.255.98.163:14801,SG,Unknown
socks5://62.60.131.191:4376,ZZ,Unknown
socks5://36.255.98.177:4298,BD,Unknown
socks5://36.255.98.154:4215,LT,Unknown
socks5://36.255.98.184:4246,CH,Unknown
socks5://36.255.98.178:4311,ZZ,Unknown
socks5://62.60.131.180:4543,DE,Unknown
socks5://62.60.131.185:4201,SG,Unknown
socks5://36.255.98.182:4325,DE,Unknown
socks5://62.60.131.179:4890,FR,Unknown
socks5://62.60.131.182:4080,LT,Unknown
socks5://36.255.98.153:4859,BR,Unknown
socks5://62.60.131.191:4144,TZ,Unknown
socks5://152.53.171.242:12557,ES,Unknown
socks5://36.255.98.176:4525,FI,Unknown
socks5://36.255.98.160:4220,DE,Unknown
socks5://36.255.98.177:4791,FR,Unknown
socks5://62.60.131.179:4223,ZZ,Unknown
socks5://36.255.98.160:4653,CH,Unknown
socks5://62.60.131.196:4036,CH,Unknown
socks5://36.255.98.164:4026,DE,Unknown
socks5://36.255.98.161:4949,US,Unknown
socks5://36.255.98.153:5197,CH,Unknown
socks5://62.60.131.197:4273,DE,Unknown
socks5://36.255.98.178:4554,ZZ,Unknown
socks5://36.255.98.153:4005,ZZ,Unknown
socks5://62.60.131.194:5022,CH,Unknown
socks5://36.255.98.166:4082,DE,Unknown
socks5://62.60.131.194:4245,DE,Unknown
socks5://36.255.98.162:4156,FR,Unknown
socks5://62.60.131.191:4009,CH,Unknown
socks5://62.60.131.180:4818,FR,Unknown
socks5://62.60.131.180:4431,VN,Unknown
socks5://36.255.98.163:4060,CH,Unknown
socks5://62.60.131.189:4133,DE,Unknown
socks5://36.255.98.168:4993,LT,Unknown
socks5://36.255.98.176:8568,US,Unknown
socks5://36.255.98.153:5008,FR,Unknown
socks5://36.255.98.164:4445,FR,Unknown
socks5://62.60.131.194:4181,BD,Unknown
socks5://62.60.131.191:4217,ZZ,Unknown
socks5://62.60.131.185:5065,ZZ,Unknown
socks5://36.255.98.184:4703,DE,Unknown
socks5://62.60.131.185:4694,DE,Unknown
socks5://36.255.98.165:4394,FR,Unknown
socks5://36.255.98.178:4037,FR,Unknown
socks5://62.60.131.190:4495,CL,Unknown
socks5://62.60.131.194:4115,IL,Unknown
socks5://62.60.131.188:4045,CH,Unknown
socks5://36.255.98.169:5063,CH,Unknown
socks5://36.255.98.151:4523,CL,Unknown
socks5://62.60.131.185:6000,SG,Unknown
socks5://62.60.131.197:4938,ZZ,Unknown
socks5://62.60.131.185:4127,FR,Unknown
socks5://62.60.131.190:5278,CH,Unknown
socks5://36.255.98.175:4419,CH,Unknown
socks5://36.255.98.175:4169,BR,Unknown
socks5://62.60.131.253:4182,SG,Unknown
socks5://62.60.131.189:4036,DE,Unknown
socks5://36.255.98.184:4215,ZZ,Unknown
socks5://36.255.98.154:4007,SG,Unknown
socks5://62.60.131.188:7331,FR,Unknown
socks5://62.60.131.188:7417,SG,Unknown
socks5://36.255.98.160:4090,FR,Unknown
socks5://62.60.131.189:6188,IN,Unknown
socks5://36.255.98.163:4157,VN,Unknown
socks5://62.60.131.181:4871,DE,Unknown
socks5://62.60.131.193:4180,FR,Unknown
socks5://36.255.98.160:4606,DE,Unknown
socks5://62.60.131.185:5166,ZZ,Unknown
socks5://62.60.131.182:4519,FR,Unknown
socks5://36.255.98.164:4601,CH,Unknown
socks5://62.60.131.179:4886,ZZ,Unknown
socks5://62.60.131.183:4967,ZZ,Unknown
socks5://62.60.131.180:4317,ZZ,Unknown
socks5://36.255.98.162:4755,FR,Unknown
socks5://152.53.171.242:20755,US,Unknown
socks5://36.255.98.161:4229,LT,Unknown
socks5://36.255.98.182:5042,FR,Unknown
socks5://36.255.98.162:4246,VN,Unknown
socks5://62.60.131.193:5446,VN,Unknown
socks5://62.60.131.179:5382,CH,Unknown
socks5://62.60.131.181:8004,IN,Unknown
socks5://36.255.98.163:4268,FR,Unknown
socks5://62.60.131.179:4153,FR,Unknown
socks5://36.255.98.175:4002,FR,Unknown
socks5://62.60.131.181:6126,SG,Unknown
socks5://62.60.131.190:4080,CH,Unknown
socks5://36.255.98.182:4362,LT,Unknown
socks5://62.60.131.191:8108,IN,Unknown
socks5://62.60.131.178:4985,ZZ,Unknown
socks5://62.60.131.203:4249,FR,Unknown
socks5://36.255.98.180:10000,CH,Unknown
socks5://62.60.131.203:11714,SG,Unknown
socks5://62.60.131.182:5691,VN,Unknown
socks5://36.255.98.164:4180,FR,Unknown
socks5://36.255.98.165:4387,BR,Unknown
socks5://62.60.131.204:10800,US,Unknown
socks5://152.53.171.242:23806,US,Unknown
socks5://152.53.171.242:16140,GB,Unknown
socks5://36.255.98.168:4523,CH,Unknown
socks5://62.60.131.203:4135,VN,Unknown
socks5://36.255.98.180:4181,LT,Unknown
socks5://62.60.131.181:17343,SG,Unknown
socks5://62.60.131.188:44923,VN,Unknown
socks5://62.60.131.183:4818,ZZ,Unknown
socks5://36.255.98.182:4360,FR,Unknown
socks5://62.60.131.197:4020,VN,Unknown
socks5://62.60.131.179:4161,FR,Unknown
socks5://36.255.98.160:5106,CA,Unknown
socks5://62.60.131.189:5083,ZZ,Unknown
socks5://36.255.98.177:4236,FR,Unknown
socks5://36.255.98.169:4283,FR,Unknown
socks5://36.255.98.169:11250,VN,Unknown
socks5://62.60.131.197:5566,ZZ,Unknown
socks5://36.255.98.181:4468,DE,Unknown
socks5://62.60.131.178:25646,SG,Unknown
socks5://62.60.131.193:4479,FR,Unknown
socks5://62.60.131.192:4031,IN,Unknown
socks5://62.60.131.189:4359,ZZ,Unknown
socks5://36.255.98.182:5689,IN,Unknown
socks5://62.60.131.197:5750,TH,Unknown
socks5://36.255.98.161:4403,DE,Unknown
socks5://62.60.131.181:6397,BD,Unknown
socks5://62.60.131.253:16010,IN,Unknown
socks5://62.60.131.182:4133,BD,Unknown
socks5://62.60.131.194:9115,US,Unknown
socks5://62.60.131.181:4969,FR,Unknown
socks5://62.60.131.191:4347,LT,Unknown
socks5://62.60.131.180:5602,FR,Unknown
socks5://36.255.98.167:4755,FR,Unknown
socks5://62.60.131.189:4384,FR,Unknown
socks5://36.255.98.167:4694,BD,Unknown
socks5://62.60.131.191:4850,US,Unknown
socks5://62.60.131.185:4214,LT,Unknown
socks5://62.60.131.188:4632,LT,Unknown
socks5://62.60.131.185:5019,LT,Unknown
socks5://36.255.98.160:7443,IN,Unknown
socks5://62.60.131.194:8097,US,Unknown
socks5://62.60.131.189:8088,SG,Unknown
socks5://62.60.131.185:8181,DE,Unknown
socks5://62.60.131.196:4183,CA,Unknown
socks5://62.60.131.181:8083,IN,Unknown
socks5://62.60.131.184:4957,FR,Unknown
socks5://36.255.98.182:4273,VN,Unknown
socks5://62.60.131.185:4378,CH,Unknown
socks5://36.255.98.163:6528,US,Unknown
socks5://62.60.131.178:5657,ZZ,Unknown
socks5://62.60.131.182:4351,IN,Unknown
socks5://62.60.131.179:4009,BD,Unknown
socks5://62.60.131.194:4280,FR,Unknown
socks5://62.60.131.194:4508,FR,Unknown
socks5://62.60.131.183:4750,FR,Unknown
socks5://36.255.98.164:5403,DE,Unknown
socks5://36.255.98.154:4020,TZ,Unknown
socks5://36.255.98.175:4669,CH,Unknown
socks5://36.255.98.177:8497,US,Unknown
socks5://36.255.98.154:8708,ZZ,Unknown
socks5://36.255.98.161:6208,US,Unknown
socks5://62.60.131.191:4147,GB,Unknown
socks5://36.255.98.169:6788,CH,Unknown
socks5://36.255.98.184:4462,LT,Unknown
socks5://62.60.131.185:4259,BD,Unknown
socks5://62.60.131.203:5008,DE,Unknown
socks5://152.53.171.242:10307,US,Unknown
socks5://62.60.131.180:9256,IN,Unknown
socks5://36.255.98.167:7080,US,Unknown
socks5://36.255.98.182:4061,US,Unknown
socks5://62.60.131.185:6379,CH,Unknown
socks5://62.60.131.185:5773,DE,Unknown
socks5://62.60.131.193:10627,LT,Unknown
socks5://36.255.98.175:4305,CH,Unknown
socks5://62.60.131.185:7224,FR,Unknown
socks5://36.255.98.160:4091,FI,Unknown
socks5://36.255.98.160:6054,CH,Unknown
socks5://36.255.98.178:5782,LT,Unknown
socks5://62.60.131.182:4081,DE,Unknown
socks5://36.255.98.182:5003,US,Unknown
socks5://36.255.98.160:9145,US,Unknown
socks5://36.255.98.161:9359,FR,Unknown
socks5://36.255.98.151:4295,LT,Unknown
socks5://62.60.131.179:4144,LT,Unknown
socks5://62.60.131.191:4077,US,Unknown
socks5://62.60.131.203:7365,CH,Unknown
socks5://62.60.131.192:4224,ZZ,Unknown
socks5://36.255.98.162:4038,US,Unknown
socks5://62.60.131.191:7636,LT,Unknown
socks5://36.255.98.162:4295,FR,Unknown
socks5://36.255.98.175:11878,LT,Unknown
socks5://62.60.131.189:5264,IN,Unknown
socks5://62.60.131.191:5878,CH,Unknown
socks5://62.60.131.188:5798,ZZ,Unknown
socks5://62.60.131.179:5440,US,Unknown
socks5://62.60.131.185:5023,LT,Unknown
socks5://36.255.98.160:4403,CH,Unknown
socks5://36.255.98.163:10256,LT,Unknown
socks5://62.60.131.204:11102,FR,Unknown
socks5://36.255.98.153:5847,VN,Unknown
socks5://36.255.98.160:7107,ZZ,Unknown
socks5://36.255.98.175:4523,DE,Unknown
socks5://36.255.98.179:4223,ZZ,Unknown
socks5://62.60.131.188:4798,VN,Unknown
socks5://62.60.131.183:4779,VN,Unknown
socks5://36.255.98.167:4539,FR,Unknown
socks5://62.60.131.196:14287,IN,Unknown
socks5://152.53.171.242:24258,GB,Unknown
socks5://36.255.98.180:4040,CH,Unknown
socks5://36.255.98.169:4695,CH,Unknown
socks5://62.60.131.184:4072,ZZ,Unknown
socks5://36.255.98.163:8287,BD,Unknown
socks5://36.255.98.163:4017,DE,Unknown
socks5://36.255.98.175:6126,VN,Unknown
socks5://62.60.131.193:4228,DE,Unknown
socks5://36.255.98.161:5149,FR,Unknown
socks5://62.60.131.193:9779,ID,Unknown
socks5://62.60.131.181:5331,US,Unknown
socks5://62.60.131.193:5014,IN,Unknown
socks5://62.60.131.184:5694,US,Unknown
socks5://62.60.131.180:4177,VN,Unknown
socks5://36.255.98.180:4733,CH,Unknown
socks5://62.60.131.185:10001,FR,Unknown
socks5://62.60.131.182:4888,GB,Unknown
socks5://62.60.131.181:8305,IN,Unknown
socks5://36.255.98.180:5577,CA,Unknown
socks5://62.60.131.185:5471,VN,Unknown
socks5://36.255.98.150:7114,VN,Unknown
socks5://62.60.131.188:4546,BD,Unknown
socks5://36.255.98.169:4133,BD,Unknown
socks5://62.60.131.181:4010,BD,Unknown
socks5://36.255.98.176:5042,DE,Unknown
socks5://36.255.98.164:4366,CA,Unknown
socks5://36.255.98.182:7611,US,Unknown
socks5://36.255.98.180:4444,CH,Unknown
socks5://152.53.171.242:19658,GB,Unknown
socks5://36.255.98.166:4076,DE,Unknown
socks5://62.60.131.186:4147,FR,Unknown
socks5://62.60.131.188:5630,US,Unknown
socks5://62.60.131.189:4150,ZZ,Unknown
socks5://36.255.98.168:4619,CH,Unknown
socks5://62.60.131.193:4126,VN,Unknown
socks5://36.255.98.183:4393,FI,Unknown
socks5://62.60.131.190:6055,DE,Unknown
socks5://36.255.98.176:11300,ZZ,Unknown
socks5://36.255.98.166:4226,ZZ,Unknown
socks5://62.60.131.181:4242,CH,Unknown
socks5://36.255.98.177:20884,BR,Unknown
socks5://62.60.131.191:4437,FR,Unknown
socks5://62.60.131.180:4314,US,Unknown
socks5://36.255.98.169:8890,FR,Unknown
socks5://62.60.131.182:6667,BD,Unknown
socks5://36.255.98.181:5580,CH,Unknown
socks5://36.255.98.153:4169,FI,Unknown
socks5://36.255.98.169:4703,CH,Unknown
socks5://36.255.98.167:6437,US,Unknown
socks5://62.60.131.192:6454,AR,Unknown
socks5://62.60.131.197:4214,ZZ,Unknown
socks5://36.255.98.152:4024,RU,Unknown
socks5://62.60.131.179:5536,FR,Unknown
socks5://62.60.131.203:7395,CH,Unknown
socks5://36.255.98.164:4212,IN,Unknown
socks5://36.255.98.180:4245,FR,Unknown
socks5://89.46.249.184:8095,GB,Unknown
socks5://152.53.171.242:21909,GB,Unknown
socks5://152.53.171.242:13873,CA,Unknown
socks5://152.53.171.242:58797,GB,Unknown
socks5://152.53.171.242:20415,US,Unknown
socks5://62.60.131.178:4007,FR,Unknown
socks5://36.255.98.153:11261,IN,Unknown
socks5://62.60.131.186:6000,FR,Unknown
socks5://62.60.131.182:4633,CH,Unknown
socks5://36.255.98.178:8092,US,Unknown
socks5://62.60.131.185:6321,SG,Unknown
socks5://89.46.249.228:8098,GB,Unknown
socks5://62.60.131.194:30675,CH,Unknown
socks5://62.60.131.178:4197,CA,Unknown
socks5://62.60.131.193:4150,HK,Unknown
socks5://62.60.131.195:4064,CH,Unknown
socks5://36.255.98.184:4579,CH,Unknown
socks5://62.60.131.181:6528,CL,Unknown
socks5://36.255.98.153:25253,IN,Unknown
socks5://62.60.131.194:4394,ZZ,Unknown
socks5://62.60.131.181:4005,FI,Unknown
socks5://36.255.98.160:4360,DE,Unknown
socks5://36.255.98.180:5642,FR,Unknown
socks5://62.60.131.185:5410,FR,Unknown
socks5://62.60.131.181:5720,CH,Unknown
socks5://62.60.131.195:5759,US,Unknown
socks5://62.60.131.192:5798,IN,Unknown
socks5://62.60.131.188:4455,FI,Unknown
socks5://213.35.110.67:10805,SG,Unknown
socks5://62.60.131.191:4088,FR,Unknown
socks5://62.60.131.179:4703,LT,Unknown
socks5://152.53.171.242:13535,US,Unknown
socks5://213.35.110.67:10807,SG,Unknown
socks5://62.60.131.185:4938,LT,Unknown
socks5://62.60.131.197:4766,ZZ,Unknown
socks5://62.60.131.181:6415,VN,Unknown
socks5://62.60.131.178:6532,IN,Unknown
socks5://89.46.249.187:8064,GB,Unknown
socks5://36.255.98.161:14967,ZZ,Unknown
socks5://62.60.131.180:5204,CH,Unknown
socks5://36.255.98.167:7395,BR,Unknown
socks5://36.255.98.163:4180,FR,Unknown
socks5://36.255.98.153:4499,FR,Unknown
socks5://62.60.131.194:13377,FR,Unknown
socks5://36.255.98.165:4480,SG,Unknown
socks5://62.60.131.186:4181,ZZ,Unknown
socks5://62.60.131.190:4226,BR,Unknown
socks5://62.60.131.253:39239,FR,Unknown
socks5://124.248.177.43:1080,KH,Phnom Penh
socks5://139.59.1.14:1080,IN,Bengaluru
socks5://202.62.50.222:1080,KH,Phnom Penh
socks5://124.248.184.144:1080,KH,Phnom Penh
socks5://124.248.177.91:1080,KH,Phnom Penh
socks5://203.189.150.44:1080,KH,Phnom Penh
socks5://72.195.34.59:4145,ZZ,Unknown
socks5://202.62.55.154:1080,KH,Phnom Penh
socks5://203.189.154.200:1080,KH,Phnom Penh
socks5://110.235.255.191:1080,KH,Phnom Penh
socks5://1.180.0.162:7302,ZZ,Unknown
socks5://1.180.49.222:7302,ZZ,Unknown
socks5://5.42.87.164:56789,ZZ,Unknown
socks5://5.133.219.4:63434,ZZ,Unknown
socks5://8.142.3.145:3306,ZZ,Unknown
socks5://8.210.4.18:7779,ZZ,Unknown
socks5://8.222.151.218:5566,ZZ,Unknown
socks5://23.251.62.210:10080,ZZ,Unknown
socks5://24.249.199.4:4145,ZZ,Unknown
socks5://31.211.130.237:8192,ZZ,Unknown
socks5://37.59.50.81:5055,ZZ,Unknown
socks5://39.170.85.129:7302,ZZ,Unknown
socks5://45.65.113.18:27676,ZZ,Unknown
socks5://46.10.208.106:8192,ZZ,Unknown
socks5://47.88.104.126:3344,ZZ,Unknown
socks5://47.250.56.98:19190,ZZ,Unknown
socks5://51.15.5.21:60349,ZZ,Unknown
socks5://51.15.133.214:16379,ZZ,Unknown
socks5://51.15.196.107:16379,ZZ,Unknown
socks5://51.15.210.79:16379,ZZ,Unknown
socks5://51.15.223.12:16379,ZZ,Unknown
socks5://51.15.240.207:16379,ZZ,Unknown
socks5://51.38.155.24:46069,ZZ,Unknown
socks5://51.75.126.150:57328,ZZ,Unknown
socks5://51.89.68.78:9050,ZZ,Unknown
socks5://51.158.64.130:16379,ZZ,Unknown
socks5://51.158.98.211:16379,ZZ,Unknown
socks5://51.158.105.107:16379,ZZ,Unknown
socks5://51.158.108.134:16379,ZZ,Unknown
socks5://51.158.124.167:16379,ZZ,Unknown
socks5://51.195.139.95:44648,ZZ,Unknown
socks5://51.222.241.8:42378,ZZ,Unknown
socks5://60.190.195.146:10800,ZZ,Unknown
socks5://61.130.151.230:7302,ZZ,Unknown
socks5://61.160.66.130:5555,ZZ,Unknown
socks5://61.171.50.169:6688,ZZ,Unknown
socks5://61.178.99.43:7302,ZZ,Unknown
socks5://64.227.108.25:31908,ZZ,Unknown
socks5://65.169.38.73:26592,ZZ,Unknown
socks5://66.29.128.241:12795,ZZ,Unknown
socks5://66.29.128.243:45155,ZZ,Unknown
socks5://66.29.128.244:23597,ZZ,Unknown
socks5://66.42.224.229:41679,ZZ,Unknown
socks5://66.135.227.178:4145,ZZ,Unknown
socks5://67.201.33.10:25283,ZZ,Unknown
socks5://67.201.59.70:4145,ZZ,Unknown
socks5://67.205.153.110:51528,ZZ,Unknown
socks5://68.1.210.189:4145,ZZ,Unknown
socks5://68.71.247.130:4145,ZZ,Unknown
socks5://68.71.254.6:4145,ZZ,Unknown
socks5://68.183.90.210:59166,ZZ,Unknown
socks5://69.27.14.138:43014,ZZ,Unknown
socks5://69.61.200.104:36181,ZZ,Unknown
socks5://69.164.206.96:13024,ZZ,Unknown
socks5://70.166.167.55:57745,ZZ,Unknown
socks5://72.37.216.68:4145,ZZ,Unknown
socks5://72.37.217.3:4145,ZZ,Unknown
socks5://72.49.49.11:31034,ZZ,Unknown
socks5://72.195.34.41:4145,ZZ,Unknown
socks5://72.195.34.42:4145,ZZ,Unknown
socks5://72.195.34.58:4145,ZZ,Unknown
socks5://72.195.34.60:27391,ZZ,Unknown
socks5://72.195.114.169:4145,ZZ,Unknown
socks5://72.195.114.184:4145,ZZ,Unknown
socks5://72.206.181.97:64943,ZZ,Unknown
socks5://72.206.181.103:4145,ZZ,Unknown
socks5://72.206.181.105:64935,ZZ,Unknown
socks5://72.206.181.123:4145,ZZ,Unknown
socks5://72.210.208.101:4145,ZZ,Unknown
socks5://72.210.221.197:4145,ZZ,Unknown
socks5://72.210.221.223:4145,ZZ,Unknown
socks5://72.210.252.134:46164,ZZ,Unknown
socks5://72.210.252.137:4145,ZZ,Unknown
socks5://72.217.216.239:4145,ZZ,Unknown
socks5://72.221.164.34:60671,ZZ,Unknown
socks5://72.221.171.130:4145,ZZ,Unknown
socks5://72.221.171.135:4145,ZZ,Unknown
socks5://72.221.172.203:4145,ZZ,Unknown
socks5://72.221.196.157:35904,ZZ,Unknown
socks5://72.221.232.152:4145,ZZ,Unknown
socks5://72.221.232.155:4145,ZZ,Unknown
socks5://74.119.144.60:4145,ZZ,Unknown
socks5://74.119.147.209:4145,ZZ,Unknown
socks5://78.135.105.217:50504,ZZ,Unknown
socks5://80.253.246.238:6618,ZZ,Unknown
socks5://85.143.254.38:1080,ZZ,Unknown
socks5://91.121.48.221:38711,ZZ,Unknown
socks5://91.151.88.220:6618,ZZ,Unknown
socks5://93.177.103.24:50471,ZZ,Unknown
socks5://98.162.25.4:31654,ZZ,Unknown
socks5://98.162.25.7:31653,ZZ,Unknown
socks5://98.162.25.16:4145,ZZ,Unknown
socks5://98.162.25.23:4145,ZZ,Unknown
socks5://98.162.25.29:31679,ZZ,Unknown
socks5://98.162.96.41:4145,ZZ,Unknown
socks5://98.162.96.52:4145,ZZ,Unknown
socks5://98.162.96.53:10663,ZZ,Unknown
socks5://98.170.57.231:4145,ZZ,Unknown
socks5://98.170.57.249:4145,ZZ,Unknown
socks5://98.175.31.195:4145,ZZ,Unknown
socks5://98.178.72.21:10919,ZZ,Unknown
socks5://98.181.137.80:4145,ZZ,Unknown
socks5://98.181.137.83:4145,ZZ,Unknown
socks5://98.188.47.132:4145,ZZ,Unknown
socks5://98.188.47.150:4145,ZZ,Unknown
socks5://101.91.242.198:6688,ZZ,Unknown
socks5://103.54.57.117:50460,ZZ,Unknown
socks5://103.174.178.131:1020,ZZ,Unknown
socks5://103.174.178.133:1020,ZZ,Unknown
socks5://103.174.178.137:1020,ZZ,Unknown
socks5://103.174.178.145:2005,ZZ,Unknown
socks5://103.242.175.241:8899,ZZ,Unknown
socks5://104.37.135.145:4145,ZZ,Unknown
socks5://104.37.175.200:22292,ZZ,Unknown
socks5://104.200.135.46:4145,ZZ,Unknown
socks5://104.200.152.30:4145,ZZ,Unknown
socks5://104.248.158.27:25100,ZZ,Unknown
socks5://107.152.98.5:4145,ZZ,Unknown
socks5://107.181.161.81:4145,ZZ,Unknown
socks5://109.238.14.123:52663,ZZ,Unknown
socks5://109.245.231.73:8192,ZZ,Unknown
socks5://111.61.73.175:7302,ZZ,Unknown
socks5://112.86.116.24:1080,ZZ,Unknown
socks5://114.236.93.203:15800,ZZ,Unknown
socks5://115.127.36.190:1088,ZZ,Unknown
socks5://115.127.62.50:1088,ZZ,Unknown
socks5://115.127.80.1:9090,ZZ,Unknown
socks5://115.127.83.142:1088,ZZ,Unknown
socks5://115.127.106.226:1088,ZZ,Unknown
socks5://120.77.203.0:443,ZZ,Unknown
socks5://120.224.234.71:7300,ZZ,Unknown
socks5://123.182.233.70:7302,ZZ,Unknown
socks5://125.66.165.154:7302,ZZ,Unknown
socks5://125.141.133.49:5566,ZZ,Unknown
socks5://125.141.133.98:5566,ZZ,Unknown
socks5://125.141.139.110:5566,ZZ,Unknown
socks5://125.141.139.112:5566,ZZ,Unknown
socks5://125.141.139.198:5566,ZZ,Unknown
socks5://125.227.225.157:3389,ZZ,Unknown
socks5://134.122.21.142:33346,ZZ,Unknown
socks5://137.184.228.194:40886,ZZ,Unknown
socks5://138.201.139.252:12344,ZZ,Unknown
socks5://139.59.7.217:36590,ZZ,Unknown
socks5://139.59.225.188:12827,ZZ,Unknown
socks5://141.94.104.205:48452,ZZ,Unknown
socks5://142.54.226.214:4145,ZZ,Unknown
socks5://142.54.228.193:4145,ZZ,Unknown
socks5://142.54.229.249:4145,ZZ,Unknown
socks5://142.54.231.38:4145,ZZ,Unknown
socks5://142.54.232.6:4145,ZZ,Unknown
socks5://142.54.235.9:4145,ZZ,Unknown
socks5://142.54.236.97:4145,ZZ,Unknown
socks5://142.54.237.34:4145,ZZ,Unknown
socks5://142.54.239.1:4145,ZZ,Unknown
socks5://144.91.78.34:20269,ZZ,Unknown
socks5://144.91.95.238:58237,ZZ,Unknown
socks5://149.202.75.85:36666,ZZ,Unknown
socks5://152.228.212.223:29272,ZZ,Unknown
socks5://157.230.1.108:14070,ZZ,Unknown
socks5://162.144.74.156:3620,ZZ,Unknown
socks5://162.253.68.97:4145,ZZ,Unknown
socks5://163.172.131.178:16379,ZZ,Unknown
socks5://163.172.132.238:16379,ZZ,Unknown
socks5://163.172.161.35:16379,ZZ,Unknown
socks5://165.227.104.122:48500,ZZ,Unknown
socks5://167.71.241.136:33299,ZZ,Unknown
socks5://167.71.250.32:43965,ZZ,Unknown
socks5://167.172.159.43:39019,ZZ,Unknown
socks5://167.235.155.77:47287,ZZ,Unknown
socks5://173.212.237.43:43648,ZZ,Unknown
socks5://173.236.187.104:40355,ZZ,Unknown
socks5://173.249.2.58:5964,ZZ,Unknown
socks5://174.64.199.79:4145,ZZ,Unknown
socks5://174.64.199.82:4145,ZZ,Unknown
socks5://174.77.111.196:4145,ZZ,Unknown
socks5://174.77.111.197:4145,ZZ,Unknown
socks5://174.138.62.182:43715,ZZ,Unknown
socks5://176.9.238.173:47679,ZZ,Unknown
socks5://176.74.192.44:24822,ZZ,Unknown
socks5://176.74.197.163:36918,ZZ,Unknown
socks5://178.33.162.89:58574,ZZ,Unknown
socks5://178.49.22.23:1080,ZZ,Unknown
socks5://178.128.167.129:1080,ZZ,Unknown
socks5://181.214.39.51:5719,ZZ,Unknown
socks5://181.214.39.72:5719,ZZ,Unknown
socks5://181.214.39.73:5719,ZZ,Unknown
socks5://184.170.245.148:4145,ZZ,Unknown
socks5://184.170.248.5:4145,ZZ,Unknown
socks5://184.170.249.65:4145,ZZ,Unknown
socks5://184.178.172.3:4145,ZZ,Unknown
socks5://184.178.172.11:4145,ZZ,Unknown
socks5://184.178.172.13:15311,ZZ,Unknown
socks5://184.178.172.14:4145,ZZ,Unknown
socks5://184.178.172.17:4145,ZZ,Unknown
socks5://184.178.172.18:15280,ZZ,Unknown
socks5://184.178.172.25:15291,ZZ,Unknown
socks5://184.178.172.26:4145,ZZ,Unknown
socks5://184.181.217.194:4145,ZZ,Unknown
socks5://184.181.217.201:4145,ZZ,Unknown
socks5://184.181.217.206:4145,ZZ,Unknown
socks5://184.181.217.210:4145,ZZ,Unknown
socks5://184.181.217.213:4145,ZZ,Unknown
socks5://184.181.217.220:4145,ZZ,Unknown
socks5://185.6.9.176:8072,ZZ,Unknown
socks5://185.14.47.52:16088,ZZ,Unknown
socks5://185.61.38.140:1080,ZZ,Unknown
socks5://185.86.5.162:8975,ZZ,Unknown
socks5://185.87.121.5:8975,ZZ,Unknown
socks5://185.112.224.151:1080,ZZ,Unknown
socks5://185.244.208.193:37430,ZZ,Unknown
socks5://185.244.208.195:23699,ZZ,Unknown
socks5://188.40.158.211:1088,ZZ,Unknown
socks5://188.93.213.242:1080,ZZ,Unknown
socks5://188.164.199.199:36938,ZZ,Unknown
socks5://192.99.244.173:15590,ZZ,Unknown
socks5://192.111.130.2:4145,ZZ,Unknown
socks5://192.111.130.5:17002,ZZ,Unknown
socks5://192.111.134.10:4145,ZZ,Unknown
socks5://192.111.135.17:18302,ZZ,Unknown
socks5://192.111.135.18:18301,ZZ,Unknown
socks5://192.111.137.35:4145,ZZ,Unknown
socks5://192.111.137.37:18762,ZZ,Unknown
socks5://192.111.138.29:4145,ZZ,Unknown
socks5://192.111.139.162:4145,ZZ,Unknown
socks5://192.111.139.163:19404,ZZ,Unknown
socks5://192.111.139.165:4145,ZZ,Unknown
socks5://192.252.208.67:14287,ZZ,Unknown
socks5://192.252.208.70:14282,ZZ,Unknown
socks5://192.252.209.155:14455,ZZ,Unknown
socks5://192.252.211.197:14921,ZZ,Unknown
socks5://192.252.216.81:4145,ZZ,Unknown
socks5://192.252.220.92:17328,ZZ,Unknown
socks5://193.216.224.108:8192,ZZ,Unknown
socks5://194.87.69.136:8989,ZZ,Unknown
socks5://194.233.78.142:42495,ZZ,Unknown
socks5://195.154.43.198:39522,ZZ,Unknown
socks5://198.8.84.3:4145,ZZ,Unknown
socks5://198.8.94.170:4145,ZZ,Unknown
socks5://198.8.94.174:39078,ZZ,Unknown
socks5://199.58.184.97:4145,ZZ,Unknown
socks5://199.58.185.9:4145,ZZ,Unknown
socks5://199.102.104.70:4145,ZZ,Unknown
socks5://199.102.105.242:4145,ZZ,Unknown
socks5://199.102.106.94:4145,ZZ,Unknown
socks5://199.102.107.145:4145,ZZ,Unknown
socks5://199.116.114.11:4145,ZZ,Unknown
socks5://199.229.254.129:4145,ZZ,Unknown
socks5://204.93.169.232:60755,ZZ,Unknown
socks5://205.185.114.78:5556,ZZ,Unknown
socks5://205.185.116.159:5556,ZZ,Unknown
socks5://205.185.120.241:5556,ZZ,Unknown
socks5://205.185.123.62:2555,ZZ,Unknown
socks5://205.185.125.140:5556,ZZ,Unknown
socks5://205.185.126.51:5556,ZZ,Unknown
socks5://206.220.175.2:4145,ZZ,Unknown
socks5://208.102.51.6:58208,ZZ,Unknown
socks5://209.141.58.213:5556,ZZ,Unknown
socks5://209.159.153.21:46234,ZZ,Unknown
socks5://212.33.248.45:1080,ZZ,Unknown
socks5://217.182.6.206:26379,ZZ,Unknown
socks5://218.4.192.62:7302,ZZ,Unknown
socks5://218.78.65.202:6688,ZZ,Unknown
socks5://221.134.152.75:7302,ZZ,Unknown
socks5://222.71.131.131:1080,ZZ,Unknown