socks5://152.53.171.242:24581,ES,Unknown
socks5://152.53.171.242:14495,ES,Unknown
socks5://152.53.171.242:18791,ES,Unknown
socks5://152.53.171.242:22513,ES,Unknown
socks5://152.53.171.242:26210,ES,Unknown
socks5://152.53.171.242:21238,ES,Unknown
socks5://152.53.171.242:29833,ES,Unknown
socks5://152.53.171.242:32255,ES,Unknown
socks4://82.223.165.28:38245,ES,Unknown
http://195.114.209.50:443,ES,Unknown
http://195.114.209.50:80,ES,
http://185.238.228.120:80,ES,
http://185.238.228.48:80,ES,
http://185.238.228.68:80,ES,
http://185.238.228.17:80,ES,
http://185.238.228.20:80,ES,
http://185.238.228.207:80,ES,
http://185.238.228.142:80,ES,
http://185.238.228.210:80,ES,