socks5://62.60.131.179:4100,LT,Unknown
socks5://36.255.98.160:4150,LT,Unknown
socks5://62.60.131.194:5031,LT,Unknown
socks5://36.255.98.163:4016,LT,Unknown
socks5://62.60.131.188:4150,LT,Unknown
socks5://36.255.98.160:4030,LT,Unknown
socks5://62.60.131.203:4298,LT,Unknown
socks5://36.255.98.181:4176,LT,Unknown
socks5://62.60.131.183:4495,LT,Unknown
socks5://36.255.98.161:8291,LT,Unknown
socks5://62.60.131.191:4546,LT,Unknown
socks5://62.60.131.179:5384,LT,Unknown
socks5://36.255.98.169:4656,LT,Unknown
socks5://36.255.98.181:5037,LT,Unknown
socks5://62.60.131.183:4348,LT,Unknown
socks5://36.255.98.176:4359,LT,Unknown
socks5://36.255.98.151:6086,LT,Unknown
socks5://62.60.131.185:4766,LT,Unknown
socks5://36.255.98.168:4141,LT,Unknown
socks5://36.255.98.153:4262,LT,Unknown
socks5://36.255.98.176:4017,LT,Unknown
socks5://62.60.131.179:4132,LT,Unknown
socks5://36.255.98.167:4260,LT,Unknown
socks5://62.60.131.193:4494,LT,Unknown
socks5://36.255.98.160:4543,LT,Unknown
socks5://36.255.98.178:4017,LT,Unknown
socks5://62.60.131.194:4072,LT,Unknown
socks5://36.255.98.184:4455,LT,Unknown
socks5://36.255.98.154:4215,LT,Unknown
socks5://62.60.131.182:4080,LT,Unknown
socks5://36.255.98.168:4993,LT,Unknown
socks5://36.255.98.161:4229,LT,Unknown
socks5://36.255.98.182:4362,LT,Unknown
socks5://36.255.98.180:4181,LT,Unknown
socks5://62.60.131.191:4347,LT,Unknown
socks5://62.60.131.185:4214,LT,Unknown
socks5://62.60.131.188:4632,LT,Unknown
socks5://62.60.131.185:5019,LT,Unknown
socks5://36.255.98.184:4462,LT,Unknown
socks5://62.60.131.193:10627,LT,Unknown
socks5://36.255.98.178:5782,LT,Unknown
socks5://36.255.98.151:4295,LT,Unknown
socks5://62.60.131.179:4144,LT,Unknown
socks5://62.60.131.191:7636,LT,Unknown
socks5://36.255.98.175:11878,LT,Unknown
socks5://62.60.131.185:5023,LT,Unknown
socks5://36.255.98.163:10256,LT,Unknown
socks5://62.60.131.179:4703,LT,Unknown
socks5://62.60.131.185:4938,LT,Unknown
socks4://86.100.63.246:4145,LT,Unknown