socks5://223.27.82.91:1080,BD,Unknown
socks5://103.187.38.38:1080,BD,Unknown
socks5://103.118.85.146:1080,BD,Unknown
socks4://115.69.210.60:1080,BD,Unknown
http://103.161.69.233:2698,BD,Unknown
http://113.11.127.179:64300,BD,Unknown
http://113.212.111.4:80,BD,Unknown
http://160.250.197.49:8080,BD,Unknown
http://123.200.6.205:2314,BD,Unknown
http://103.253.246.181:8090,BD,Unknown
http://59.153.18.93:20909,BD,Unknown
http://43.225.151.30:20505,BD,Unknown
http://59.153.18.142:20909,BD,Unknown
http://59.153.18.230:20909,BD,Unknown
http://59.153.19.197:20909,BD,Unknown
http://59.153.17.46:20909,BD,Unknown
http://59.153.16.214:20909,BD,Unknown
http://27.147.245.189:7735,BD,Unknown
http://103.138.145.130:8090,BD,Unknown
http://115.127.31.66:8080,BD,Dhaka
http://103.230.62.189:5555,BD,Unknown
http://103.141.66.78:5555,BD,Unknown
http://103.148.178.10:80,BD,Dhaka