socks5://194.163.167.32:1080,FR,Lauterbourg
socks5://36.255.98.177:5498,FR,Unknown
socks5://185.194.217.97:1080,FR,Lauterbourg
socks5://152.53.171.242:59001,FR,Unknown
socks5://152.53.171.242:19404,FR,Unknown
socks5://36.255.98.180:8282,FR,Unknown
socks5://62.60.131.186:4023,FR,Unknown
socks5://62.60.131.181:8090,FR,Unknown
socks5://36.255.98.163:4065,FR,Unknown
socks5://36.255.98.179:4504,FR,Unknown
socks5://36.255.98.161:8000,FR,Unknown
socks5://36.255.98.160:11250,FR,Unknown
socks5://36.255.98.184:4468,FR,Unknown
socks5://36.255.98.161:4999,FR,Unknown
socks5://36.255.98.160:6100,FR,Unknown
socks5://36.255.98.161:5612,FR,Unknown
socks5://36.255.98.177:5101,FR,Unknown
socks5://36.255.98.180:4480,FR,Unknown
socks5://36.255.98.163:9721,FR,Unknown
socks5://36.255.98.177:5043,FR,Unknown
socks5://36.255.98.175:5143,FR,Unknown
socks5://62.60.131.182:4117,FR,Unknown
socks5://62.60.131.182:4726,FR,Unknown
socks5://36.255.98.160:11365,FR,Unknown
socks5://36.255.98.160:4031,FR,Unknown
socks5://36.255.98.181:9435,FR,Unknown
socks5://36.255.98.153:10816,FR,Unknown
socks5://36.255.98.167:12286,FR,Unknown
socks5://36.255.98.181:6268,FR,Unknown
socks5://62.60.131.193:9285,FR,Unknown
socks5://62.60.131.183:5782,FR,Unknown
socks5://36.255.98.168:14003,FR,Unknown
socks5://36.255.98.177:13447,FR,Unknown
socks5://36.255.98.181:8801,FR,Unknown
socks5://62.60.131.203:5627,FR,Unknown
socks5://62.60.131.188:7438,FR,Unknown
socks5://62.60.131.183:5811,FR,Unknown
socks5://62.60.131.180:9098,FR,Unknown
socks5://62.60.131.179:5118,FR,Unknown
socks5://36.255.98.175:6201,FR,Unknown
socks5://36.255.98.160:17076,FR,Unknown
socks5://36.255.98.169:4241,FR,Unknown
socks5://36.255.98.163:4540,FR,Unknown
socks5://62.60.131.203:4360,FR,Unknown
socks5://36.255.98.168:7978,FR,Unknown
socks5://36.255.98.161:4045,FR,Unknown
socks5://36.255.98.176:4240,FR,Unknown
socks5://36.255.98.176:13933,FR,Unknown
socks5://62.60.131.179:6392,FR,Unknown
socks5://36.255.98.180:4240,FR,Unknown
socks5://62.60.131.179:5568,FR,Unknown
socks5://36.255.98.176:4076,FR,Unknown
socks5://62.60.131.182:5466,FR,Unknown
socks5://36.255.98.175:6170,FR,Unknown
socks5://62.60.131.178:5204,FR,Unknown
socks5://36.255.98.153:7335,FR,Unknown
socks5://62.60.131.203:4082,FR,Unknown
socks5://62.60.131.179:4251,FR,Unknown
socks5://36.255.98.177:4502,FR,Unknown
socks5://36.255.98.154:4064,FR,Unknown
socks5://36.255.98.167:4656,FR,Unknown
socks5://62.60.131.178:13832,FR,Unknown
socks5://62.60.131.188:4082,FR,Unknown
socks5://36.255.98.160:10213,FR,Unknown
socks5://36.255.98.151:5081,FR,Unknown
socks5://62.60.131.178:4004,FR,Unknown
socks5://62.60.131.185:4083,FR,Unknown
socks5://62.60.131.185:24613,FR,Unknown
socks5://36.255.98.167:5833,FR,Unknown
socks5://36.255.98.154:8180,FR,Unknown
socks5://62.60.131.203:4278,FR,Unknown
socks5://36.255.98.154:4545,FR,Unknown
socks5://62.60.131.194:5358,FR,Unknown
socks5://36.255.98.164:4309,FR,Unknown
socks5://36.255.98.163:16461,FR,Unknown
socks5://36.255.98.154:23213,FR,Unknown
socks5://62.60.131.183:5145,FR,Unknown
socks5://62.60.131.183:16409,FR,Unknown
socks5://36.255.98.164:4070,FR,Unknown
socks5://62.60.131.188:4036,FR,Unknown
socks5://62.60.131.186:4238,FR,Unknown
socks5://62.60.131.192:4689,FR,Unknown
socks5://62.60.131.188:4092,FR,Unknown
socks5://36.255.98.179:4076,FR,Unknown
socks5://62.60.131.203:5602,FR,Unknown
socks5://36.255.98.175:4216,FR,Unknown
socks5://62.60.131.181:4054,FR,Unknown
socks5://36.255.98.161:4209,FR,Unknown
socks5://36.255.98.184:4363,FR,Unknown
socks5://36.255.98.175:4375,FR,Unknown
socks5://36.255.98.151:8305,FR,Unknown
socks5://62.60.131.195:4215,FR,Unknown
socks5://152.53.171.242:14227,FR,Unknown
socks5://152.53.171.242:27962,FR,Unknown
socks5://36.255.98.175:4071,FR,Unknown
socks5://36.255.98.154:4494,FR,Unknown
socks5://36.255.98.175:10810,FR,Unknown
socks5://62.60.131.195:4525,FR,Unknown
socks5://36.255.98.165:4415,FR,Unknown
socks5://152.53.171.242:10921,FR,Unknown
socks5://62.60.131.182:4710,FR,Unknown
socks5://152.53.171.242:10154,FR,Unknown
socks5://36.255.98.180:4494,FR,Unknown
socks5://36.255.98.181:5063,FR,Unknown
socks5://36.255.98.163:4316,FR,Unknown
socks5://152.53.171.242:25214,FR,Unknown
socks5://62.60.131.179:4890,FR,Unknown
socks5://36.255.98.177:4791,FR,Unknown
socks5://36.255.98.162:4156,FR,Unknown
socks5://62.60.131.180:4818,FR,Unknown
socks5://36.255.98.153:5008,FR,Unknown
socks5://36.255.98.164:4445,FR,Unknown
socks5://36.255.98.165:4394,FR,Unknown
socks5://36.255.98.178:4037,FR,Unknown
socks5://62.60.131.185:4127,FR,Unknown
socks5://62.60.131.188:7331,FR,Unknown
socks5://36.255.98.160:4090,FR,Unknown
socks5://62.60.131.193:4180,FR,Unknown
socks5://62.60.131.182:4519,FR,Unknown
socks5://36.255.98.162:4755,FR,Unknown
socks5://36.255.98.182:5042,FR,Unknown
socks5://36.255.98.163:4268,FR,Unknown
socks5://62.60.131.179:4153,FR,Unknown
socks5://36.255.98.175:4002,FR,Unknown
socks5://62.60.131.203:4249,FR,Unknown
socks5://36.255.98.164:4180,FR,Unknown
socks5://36.255.98.182:4360,FR,Unknown
socks5://62.60.131.179:4161,FR,Unknown
socks5://36.255.98.177:4236,FR,Unknown
socks5://36.255.98.169:4283,FR,Unknown
socks5://62.60.131.193:4479,FR,Unknown
socks5://62.60.131.181:4969,FR,Unknown
socks5://62.60.131.180:5602,FR,Unknown
socks5://36.255.98.167:4755,FR,Unknown
socks5://62.60.131.189:4384,FR,Unknown
socks5://62.60.131.184:4957,FR,Unknown
socks5://62.60.131.194:4280,FR,Unknown
socks5://62.60.131.194:4508,FR,Unknown
socks5://62.60.131.183:4750,FR,Unknown
socks5://62.60.131.185:7224,FR,Unknown
socks5://36.255.98.161:9359,FR,Unknown
socks5://36.255.98.162:4295,FR,Unknown
socks5://62.60.131.204:11102,FR,Unknown
socks5://36.255.98.167:4539,FR,Unknown
socks5://36.255.98.161:5149,FR,Unknown
socks5://62.60.131.185:10001,FR,Unknown
socks5://62.60.131.186:4147,FR,Unknown
socks5://62.60.131.191:4437,FR,Unknown
socks5://36.255.98.169:8890,FR,Unknown
socks5://62.60.131.179:5536,FR,Unknown
socks5://36.255.98.180:4245,FR,Unknown
socks5://62.60.131.178:4007,FR,Unknown
socks5://62.60.131.186:6000,FR,Unknown
socks5://36.255.98.180:5642,FR,Unknown
socks5://62.60.131.185:5410,FR,Unknown
socks5://62.60.131.191:4088,FR,Unknown
socks5://36.255.98.163:4180,FR,Unknown
socks5://36.255.98.153:4499,FR,Unknown
socks5://62.60.131.194:13377,FR,Unknown
socks5://62.60.131.253:39239,FR,Unknown
http://51.38.191.151:443,FR,Unknown
http://144.91.90.109:443,FR,Unknown
http://89.117.55.119:443,FR,Unknown
http://51.254.213.34:443,FR,Unknown
http://62.138.18.91:443,FR,Unknown
http://130.180.208.145:443,FR,Unknown
http://51.83.190.248:443,FR,Unknown
http://162.19.49.131:443,FR,Unknown
http://94.23.9.170:443,FR,Unknown
http://212.83.168.126:8081,FR,Unknown
http://5.189.184.6:443,FR,Unknown
http://163.172.53.142:443,FR,Unknown
http://163.172.167.48:443,FR,Unknown
http://212.47.232.28:443,FR,Unknown
http://78.153.225.20:443,FR,Unknown
http://173.249.37.45:5051,FR,Unknown
http://46.35.9.110:80,FR,Courri?res
http://37.187.109.70:10111,FR,Unknown
http://205.237.104.203:3128,FR,Paris
http://91.121.63.51:1080,FR,Unknown
http://158.178.211.45:3230,FR,Unknown
http://40.89.145.14:80,FR,Paris
http://91.172.54.203:80,FR,Unknown
http://202.133.88.173:80,FR,Paris
http://62.133.62.12:1081,FR,Unknown
http://176.57.189.138:3128,FR,Unknown
http://185.41.152.110:3128,FR,Unknown
http://173.245.49.118:80,FR,Paris
http://173.245.49.81:80,FR,Paris
http://173.245.49.37:80,FR,Paris
http://135.125.174.192:80,FR,
http://173.245.49.115:80,FR,Paris
http://173.245.49.28:80,FR,Paris
http://173.245.49.200:80,FR,Paris
http://173.245.49.124:80,FR,Paris
http://173.245.49.63:80,FR,Paris
http://173.245.49.43:80,FR,Paris
http://173.245.49.108:80,FR,Paris
http://173.245.49.66:80,FR,Paris
http://173.245.49.179:80,FR,Paris
http://173.245.49.158:80,FR,Paris
http://173.245.49.56:80,FR,Paris
socks4://62.133.62.12:1081,FR,Paris
http://173.245.49.54:80,FR,Paris
http://173.245.49.134:80,FR,Paris
http://173.245.49.35:80,FR,Paris
http://173.245.49.120:80,FR,Paris
http://173.245.49.112:80,FR,Paris
http://173.245.49.155:80,FR,Paris
http://173.245.49.48:80,FR,Paris
http://173.245.49.253:80,FR,Paris
http://173.245.49.20:80,FR,Paris
http://173.245.49.223:80,FR,Paris
http://173.245.49.1:80,FR,Paris
http://173.245.49.79:80,FR,Paris
http://173.245.49.232:80,FR,Paris
http://173.245.49.229:80,FR,Paris
http://173.245.49.199:80,FR,Paris
http://173.245.49.94:80,FR,Paris
http://173.245.49.102:80,FR,Paris
http://173.245.49.74:80,FR,Paris
http://173.245.49.47:80,FR,Paris
http://173.245.49.251:80,FR,Paris
http://173.245.49.220:80,FR,Paris
http://173.245.49.10:80,FR,Paris
http://173.245.49.93:80,FR,Paris
http://173.245.49.188:80,FR,Paris
http://173.245.49.22:80,FR,Paris