socks5://193.233.254.9:1080,DE,Unknown
socks5://193.233.254.7:1080,DE,Unknown
socks5://64.188.124.97:1080,DE,Frankfurt am Main
socks5://89.19.209.217:31285,DE,Unknown
socks5://109.107.181.151:51553,DE,Unknown
socks5://36.255.98.175:4149,DE,Unknown
socks5://36.255.98.184:7813,DE,Unknown
socks5://36.255.98.176:4580,DE,Unknown
socks5://36.255.98.161:5101,DE,Unknown
socks5://62.60.131.180:5498,DE,Unknown
socks5://62.60.131.188:5132,DE,Unknown
socks5://62.60.131.179:4431,DE,Unknown
socks5://36.255.98.176:5029,DE,Unknown
socks5://36.255.98.154:4115,DE,Unknown
socks5://62.60.131.181:5118,DE,Unknown
socks5://43.157.34.94:1777,DE,Unknown
socks5://43.131.9.114:1777,DE,Unknown
socks5://36.255.98.175:4213,DE,Unknown
socks5://62.60.131.188:4324,DE,Unknown
socks5://62.60.131.194:4092,DE,Unknown
socks5://62.60.131.189:4077,DE,Unknown
socks5://62.60.131.180:23882,DE,Unknown
socks5://62.60.131.179:4849,DE,Unknown
socks5://62.60.131.253:4251,DE,Unknown
socks5://152.53.171.242:14139,DE,Unknown
socks5://152.53.171.242:32255,DE,Unknown
socks5://62.60.131.197:4266,DE,Unknown
socks5://62.60.131.188:4947,DE,Unknown
socks5://62.60.131.204:4552,DE,Unknown
socks5://62.60.131.188:4462,DE,Unknown
socks5://36.255.98.165:4147,DE,Unknown
socks5://62.60.131.180:4543,DE,Unknown
socks5://36.255.98.182:4325,DE,Unknown
socks5://36.255.98.160:4220,DE,Unknown
socks5://36.255.98.164:4026,DE,Unknown
socks5://62.60.131.197:4273,DE,Unknown
socks5://36.255.98.166:4082,DE,Unknown
socks5://62.60.131.194:4245,DE,Unknown
socks5://62.60.131.189:4133,DE,Unknown
socks5://36.255.98.184:4703,DE,Unknown
socks5://62.60.131.185:4694,DE,Unknown
socks5://62.60.131.189:4036,DE,Unknown
socks5://62.60.131.181:4871,DE,Unknown
socks5://36.255.98.160:4606,DE,Unknown
socks5://36.255.98.181:4468,DE,Unknown
socks5://36.255.98.161:4403,DE,Unknown
socks5://62.60.131.185:8181,DE,Unknown
socks5://36.255.98.164:5403,DE,Unknown
socks5://62.60.131.203:5008,DE,Unknown
socks5://62.60.131.185:5773,DE,Unknown
socks5://62.60.131.182:4081,DE,Unknown
socks5://36.255.98.175:4523,DE,Unknown
socks5://36.255.98.163:4017,DE,Unknown
socks5://62.60.131.193:4228,DE,Unknown
socks5://36.255.98.176:5042,DE,Unknown
socks5://36.255.98.166:4076,DE,Unknown
socks5://62.60.131.190:6055,DE,Unknown
socks5://36.255.98.160:4360,DE,Unknown
socks4://93.115.18.235:9050,DE,Unknown
http://141.147.9.254:443,DE,Unknown
http://206.81.26.113:443,DE,Unknown
http://23.88.59.163:443,DE,Unknown
http://116.203.117.22:443,DE,Unknown
http://57.129.1.214:443,DE,Unknown
http://217.69.241.186:443,DE,Unknown
http://116.203.49.36:443,DE,Unknown
http://87.249.132.97:9443,DE,Unknown
http://165.225.72.38:10228,DE,Unknown
http://165.225.72.38:11747,DE,Unknown
http://54.37.72.89:443,DE,Unknown
http://165.225.72.38:11771,DE,Unknown
http://85.215.50.161:443,DE,Unknown
http://165.225.72.38:11659,DE,Unknown
http://165.225.72.38:11714,DE,Unknown
http://167.235.198.62:443,DE,Unknown
http://165.225.72.38:11734,DE,Unknown
http://165.225.72.38:11733,DE,Unknown
http://165.225.72.38:11716,DE,Unknown
http://165.225.72.38:11687,DE,Unknown
http://165.225.72.38:11679,DE,Unknown
http://62.171.146.164:443,DE,Unknown
http://94.156.112.198:3129,DE,Unknown
http://94.16.116.86:8448,DE,Unknown
http://165.225.72.38:11011,DE,Unknown
http://158.173.154.58:9002,DE,Unknown
http://158.173.154.3:9002,DE,Unknown
http://158.173.154.46:9002,DE,Unknown
http://158.173.154.47:9002,DE,Unknown
http://158.173.154.50:9002,DE,Unknown
http://158.173.154.51:9002,DE,Unknown
http://158.173.154.52:9002,DE,Unknown
http://158.173.154.53:9002,DE,Unknown
http://158.173.154.54:9002,DE,Unknown
http://158.173.154.56:9002,DE,Unknown
http://158.173.154.57:9002,DE,Unknown
http://158.173.154.59:9002,DE,Unknown
http://158.173.154.60:9002,DE,Unknown
http://158.173.154.61:9002,DE,Unknown
http://158.173.154.62:9002,DE,Unknown
http://158.173.154.63:9002,DE,Unknown
http://158.173.154.64:9002,DE,Unknown
http://158.173.154.66:9002,DE,Unknown
http://158.173.154.68:9002,DE,Unknown
http://158.173.154.70:9002,DE,Unknown
http://158.173.154.71:9002,DE,Unknown
http://158.173.154.72:9002,DE,Unknown
http://158.173.154.74:9002,DE,Unknown
http://158.173.154.78:9002,DE,Unknown
http://158.173.154.67:9002,DE,Unknown
http://158.173.154.55:9002,DE,Unknown
http://158.173.154.49:9002,DE,Unknown
http://88.99.99.26:8888,DE,Unknown
http://158.173.154.83:9002,DE,Unknown
http://158.173.154.77:9002,DE,Unknown
http://158.173.154.79:9002,DE,Unknown
http://158.173.154.76:9002,DE,Unknown
http://158.173.154.75:9002,DE,Unknown
http://85.214.204.79:443,DE,Unknown
http://158.173.154.73:9002,DE,Unknown
http://165.225.72.38:11888,DE,Unknown
http://158.173.154.84:9002,DE,Unknown
http://158.173.154.85:9002,DE,Unknown
http://165.225.72.38:11691,DE,Unknown
http://158.173.154.82:9002,DE,Unknown
http://158.173.154.81:9002,DE,Unknown
http://165.225.72.38:11727,DE,Unknown
http://158.173.154.48:9002,DE,Unknown
http://158.173.154.65:9002,DE,Unknown
http://158.173.154.69:9002,DE,Unknown
http://158.173.154.80:9002,DE,Unknown
http://49.13.0.108:8443,DE,Unknown
http://47.91.65.23:3128,DE,Frankfurt am Main
http://212.114.194.79:80,DE,Unknown
http://91.98.78.64:80,DE,Unknown
http://164.92.137.207:3128,DE,Unknown
http://23.88.88.102:443,DE,Unknown
http://138.201.128.41:3128,DE,Unknown
http://167.17.180.122:8080,DE,Unknown
http://85.234.69.183:3128,DE,Unknown
socks4://193.233.254.7:1080,DE,Frankfurt am Main
socks4://193.233.254.9:1080,DE,Frankfurt am Main
socks4://193.233.254.8:1080,DE,Frankfurt am Main