socks5://5.255.117.127:1080,NL,Dronten
socks5://5.255.113.177:1080,NL,Dronten
socks5://5.255.117.250:1080,NL,Dronten
socks5://195.35.113.29:1080,NL,Amsterdam
http://45.131.5.92:80,NL,
http://45.131.6.148:80,NL,
http://45.131.7.82:80,NL,
http://45.131.208.94:80,NL,
http://45.131.5.57:80,NL,
http://45.131.7.178:80,NL,
http://45.131.7.71:80,NL,
http://188.114.97.181:80,NL,Amsterdam
http://45.131.6.158:80,NL,
http://45.131.5.64:80,NL,
http://188.114.96.73:80,NL,Amsterdam
http://188.114.97.95:80,NL,Amsterdam
http://45.131.7.126:80,NL,
http://45.131.6.28:80,NL,
http://45.131.7.197:80,NL,
http://45.131.5.227:80,NL,
http://45.131.4.51:80,NL,
http://45.131.4.48:80,NL,
http://45.131.4.38:80,NL,
http://45.131.4.44:80,NL,
http://45.131.4.39:80,NL,
http://45.131.4.88:80,NL,
http://45.131.5.179:80,NL,
http://160.153.0.2:80,NL,Amsterdam
http://45.131.5.166:80,NL,
http://45.131.5.9:80,NL,
http://160.153.0.20:80,NL,Amsterdam
http://45.131.6.255:80,NL,
http://45.131.6.152:80,NL,
http://188.114.98.160:80,NL,Amsterdam
http://45.131.4.81:80,NL,
http://45.131.4.34:80,NL,
http://45.131.5.75:80,NL,
http://5.10.246.68:80,NL,
http://45.131.7.50:80,NL,
http://45.131.7.21:80,NL,
http://45.131.7.62:80,NL,
http://45.131.6.143:80,NL,
http://45.131.4.93:80,NL,
http://45.131.7.252:80,NL,
http://45.131.7.221:80,NL,
http://45.131.6.80:80,NL,